{"keys": [0, 1, 2, 3, 4, 5, 6, 7, 8, 9, 10, 11, 12, 13, 14, 15, 16, 17, 18, 19, 20, 21, 22, 23, 24, 25, 26, 27, 28, 29, 30, 31, 32, 33, 34, 35, 36, 37, 38, 39, 40, 41, 42, 43, 44, 45, 46, 47, 48, 49, 50, 51, 52, 53, 54, 55, 56, 57, 58, 59, 60, 61, 62, 63, 64, 65, 66, 67, 68, 69, 70, 71, 72, 73, 74, 75, 76, 77, 78, 79, 80, 81, 82, 83, 84, 85, 86, 87, 88, 89, 90, 91, 92, 93, 94, 95, 96, 97, 98, 99, 100, 101, 102, 103, 104, 105, 106, 107, 108, 109, 110, 111, 112, 113, 114, 115, 116, 117, 118, 119, 120, 121, 122, 123, 124, 125, 126, 127, 128, 129, 130, 131, 132, 133, 134, 135, 136, 137, 138, 139, 140, 141, 142, 143, 144, 145, 146, 147, 148, 149, 150, 151, 152, 153, 154, 155, 156, 157, 158, 159, 160, 161, 162, 163, 164, 165, 166, 167, 168, 169, 170, 171, 172, 173, 174, 175, 176, 177, 178, 179, 180, 181, 182, 183, 184, 185, 186, 187, 188, 189, 190, 191, 192, 193, 194, 195, 196, 197, 198, 199, 200, 201, 202, 203, 204, 205, 206, 207, 208, 209, 210, 211, 212, 213, 214, 215, 216, 217, 218, 219, 220, 221, 222, 223, 224, 225, 226, 227, 228, 229, 230, 231, 232, 233, 234, 235, 236, 237, 238, 239, 240, 241, 242, 243, 244, 245, 246, 247, 248, 249, 250, 251, 252, 253, 254, 255], "values": [0.011204166666666666, 0.015775, 0.00485, 0.00385, 0.003175, 0.0028166666666666665, 0.00255, 0.0025083333333333333, 0.002629166666666667, 0.0025833333333333333, 0.0025291666666666665, 0.0025625, 0.0026666666666666666, 0.0026666666666666666, 0.0027125, 0.0027833333333333334, 0.002970833333333333, 0.0031583333333333333, 0.0034291666666666667, 0.00345, 0.0035083333333333334, 0.003691666666666667, 0.00415, 0.004220833333333333, 0.004483333333333333, 0.004804166666666667, 0.004941666666666666, 0.005166666666666667, 0.005458333333333333, 0.0054958333333333335, 0.005783333333333333, 0.006025, 0.006466666666666667, 0.006729166666666666, 0.006383333333333334, 0.007075, 0.0069875, 0.007308333333333333, 0.007891666666666667, 0.008025, 0.008416666666666666, 0.0083375, 0.008395833333333333, 0.008733333333333333, 0.008904166666666666, 0.008808333333333333, 0.009291666666666667, 0.009425, 0.009558333333333334, 0.0099125, 0.009841666666666667, 0.009908333333333333, 0.010595833333333334, 0.0100875, 0.009895833333333333, 0.010470833333333334, 0.010741666666666667, 0.010508333333333333, 0.010466666666666668, 0.0106125, 0.010479166666666666, 0.010366666666666666, 0.010316666666666667, 0.010475, 0.010670833333333333, 0.010491666666666667, 0.010316666666666667, 0.010841666666666666, 0.010608333333333334, 0.010320833333333333, 0.010333333333333333, 0.010404166666666667, 0.010116666666666666, 0.010358333333333334, 0.01, 0.010254166666666667, 0.0103625, 0.009729166666666667, 0.009816666666666666, 0.009916666666666667, 0.0094125, 0.0093, 0.009220833333333333, 0.009283333333333333, 0.009316666666666666, 0.008954166666666666, 0.0088, 0.008766666666666667, 0.008308333333333333, 0.0085, 0.008554166666666667, 0.0083375, 0.0080875, 0.0079125, 0.007954166666666667, 0.007691666666666667, 0.007379166666666667, 0.006995833333333333, 0.0071875, 0.006779166666666667, 0.0068125, 0.006504166666666667, 0.0064875, 0.006425, 0.006095833333333333, 0.006020833333333334, 0.005883333333333333, 0.0058291666666666665, 0.005533333333333334, 0.0052625, 0.005083333333333333, 0.005220833333333333, 0.005091666666666667, 0.00475, 0.004545833333333333, 0.004529166666666667, 0.004266666666666667, 0.004141666666666667, 0.004095833333333333, 0.003925, 0.003929166666666667, 0.0038458333333333335, 0.0034375, 0.003320833333333333, 0.0035416666666666665, 0.0033833333333333332, 0.0032958333333333333, 0.0033083333333333333, 0.0030041666666666667, 0.0026416666666666667, 0.0029666666666666665, 0.002683333333333333, 0.0026375, 0.0025375, 0.0025041666666666667, 0.0025208333333333333, 0.0023833333333333332, 0.0022, 0.002129166666666667, 0.0021791666666666665, 0.002225, 0.0018958333333333334, 0.0018166666666666667, 0.0018791666666666666, 0.0017708333333333332, 0.0019041666666666666, 0.0015583333333333332, 0.0015708333333333334, 0.0015, 0.0015291666666666667, 0.0015833333333333333, 0.0013666666666666666, 0.0013791666666666666, 0.0012166666666666667, 0.0011708333333333334, 0.001175, 0.0012708333333333332, 0.0012, 0.0011458333333333333, 0.0011541666666666666, 0.00105, 0.001, 0.0009833333333333332, 0.0009583333333333333, 0.0009416666666666667, 0.0009666666666666667, 0.000925, 0.0009333333333333333, 0.0008041666666666667, 0.0009291666666666667, 0.0008583333333333333, 0.0007666666666666667, 0.0007416666666666666, 0.0008125, 0.0006666666666666666, 0.0007375, 0.000725, 0.0007208333333333333, 0.0006333333333333333, 0.0006583333333333334, 0.0006375, 0.0006333333333333333, 0.0005875, 0.0006291666666666667, 0.0006666666666666666, 0.0006083333333333333, 0.0004875, 0.00048333333333333334, 0.0005375, 0.00044166666666666665, 0.00047083333333333336, 0.00048333333333333334, 0.0004875, 0.0004375, 0.00044583333333333335, 0.0004541666666666667, 0.000475, 0.0004583333333333333, 0.00040833333333333336, 0.00045, 0.00037916666666666665, 0.0005083333333333333, 0.00035833333333333333, 0.00030416666666666667, 0.00035, 0.00034166666666666666, 0.00034583333333333335, 0.00034583333333333335, 0.000375, 0.0003, 0.00031666666666666665, 0.0003083333333333333, 0.0002875, 0.00023333333333333333, 0.00025416666666666665, 0.00027916666666666666, 0.00028333333333333335, 0.00034583333333333335, 0.0002708333333333333, 0.0002666666666666667, 0.00024166666666666667, 0.0002625, 0.00028333333333333335, 0.0002666666666666667, 0.0002916666666666667, 0.00019583333333333334, 0.000275, 0.00027916666666666666, 0.00024166666666666667, 0.000225, 0.00024166666666666667, 0.00020833333333333335, 0.0002125, 0.000225, 0.00025416666666666665, 0.00024166666666666667, 0.00024166666666666667, 0.00020833333333333335, 0.00025833333333333334, 0.00019166666666666667, 0.00020416666666666668, 0.00019583333333333334, 0.00020416666666666668, 0.00024166666666666667, 0.0002, 0.00025, 0.00019166666666666667, 0.00020833333333333335, 0.00021666666666666666, 0.00019166666666666667, 0.0002375, 0.00016666666666666666, 0.0002, 0.000225, 0.0001875, 0.0019166666666666666]}